{"years": [2000, 2001, 2002, 2003, 2004, 2005, 2006, 2007, 2008, 2009, 2010], "keys": ["bmi<18.5", "bmi18.5-25.0", "bmi25.0-30.0", "bmi30.0-35.0", "bmi35.0-40.0", "bmi>=40"], "data": [[[0.22510921308673454, 0.10435049058819292, 0.3458679355852762], [0.1848568679022846, 0.10169874298724618, 0.268014992817323], [0.13908042370074955, 0.03516567936677434, 0.24299516803472476], [0.21071267174229252, 0.11510738818654007, 0.30631795529804495], [0.27258819694581693, 0.18603756230014495, 0.3591388315914889], [0.2915960613798394, 0.20382929086653684, 0.37936283189314196], [0.1637963428624796, 0.08683896032648969, 0.2407537253984695], [0.2944315153979122, 0.20434293978458, 0.38452009101124435], [0.14343974131866213, 0.054181786039025945, 0.2326976965982983], [0.19084375793759317, 0.09447149158430092, 0.28721602429088544], [0.2101641751897671, 0.1293859267414624, 0.29094242363807177]], [[0.2140275672634612, 0.19170356872269098, 0.23635156580423142], [0.21853435865833, 0.19584911597007124, 0.2412196013465888], [0.25149354193826107, 0.2268888243170702, 0.27609825955945194], [0.23612470160952964, 0.2122971730274298, 0.2599522301916295], [0.2634655652884386, 0.2417880080000893, 0.285143122576788], [0.23609986005714695, 0.2143322886406251, 0.2578674314736688], [0.21421872350959337, 0.1935181034343041, 0.23491934358488265], [0.20542842665953995, 0.1848645574713949, 0.225992295847685], [0.2075276117405438, 0.18593044702646228, 0.2291247764546253], [0.24081225011786636, 0.2175505340266747, 0.264073966209058], [0.24504293803808913, 0.22716827407927864, 0.2629176019968996]], [[0.2532639582745742, 0.2324126964620167, 0.27411522008713174], [0.25134544708530654, 0.23207521144299476, 0.2706156827276183], [0.2723117829561862, 0.25186997417857493, 0.29275359173379745], [0.2465428173491008, 0.22545000214901612, 0.2676356325491855], [0.27355794573022385, 0.2550797601333502, 0.2920361313270975], [0.26038444479208583, 0.24256309452785701, 0.27820579505631465], [0.2479039091999838, 0.22890035375842072, 0.2669074646415469], [0.2556400053216709, 0.23657619172907526, 0.2747038189142666], [0.24073307012684314, 0.22147739193954047, 0.2599887483141458], [0.27643559963794806, 0.2571314871981962, 0.29573971207769995], [0.28134488075565345, 0.26578242008518194, 0.29690734142612496]], [[0.3196765056250016, 0.2906742691972152, 0.34867874205278804], [0.29812294647567233, 0.2693596712664944, 0.32688622168485026], [0.33321442923571054, 0.3047721451311242, 0.36165671334029686], [0.3211847859485031, 0.29204864168811917, 0.350320930208887], [0.34103532743460796, 0.3166406855885268, 0.3654299692806891], [0.3252703635811041, 0.30176595988262056, 0.34877476727958767], [0.31902715435985796, 0.2933165298111364, 0.34473777890857954], [0.3230728279335903, 0.2975631036677747, 0.3485825521994059], [0.3015625790497244, 0.2779421255354266, 0.3251830325640222], [0.3458866188728612, 0.3212413465242077, 0.3705318912215147], [0.33504240650518524, 0.31492212607975345, 0.35516268693061703]], [[0.3392439615404661, 0.29314434252918425, 0.38534358055174794], [0.36008528001501133, 0.31487102821628865, 0.405299531813734], [0.41198699747538126, 0.364981333275678, 0.4589926616750845], [0.4035713997258619, 0.3580407829770418, 0.44910201647468206], [0.393579320264912, 0.3542456599384407, 0.4329129805913833], [0.35478679487843323, 0.3184141700899717, 0.39115941966689477], [0.3508750010102797, 0.3104443606320784, 0.39130564138848095], [0.4031409454077302, 0.3634826497268056, 0.4427992410886548], [0.39368853089348504, 0.35724812961766506, 0.43012893216930503], [0.3863659215480109, 0.348738327762947, 0.42399351533307483], [0.39161258441848024, 0.3625501987557265, 0.42067497008123395]], [[0.45081936666520034, 0.38474178486082966, 0.516896948469571], [0.43622945792265766, 0.37225809107601665, 0.5002008247692986], [0.40386083845402343, 0.3401697103346285, 0.46755196657341835], [0.5128215554621065, 0.45664569461681265, 0.5689974163074003], [0.4896093108456335, 0.43776666579890977, 0.5414519558923573], [0.45084742737180566, 0.4070089609690222, 0.4946858937745891], [0.45224539327475527, 0.3998778521877156, 0.5046129343617949], [0.5002214485417293, 0.45257140583747235, 0.5478714912459863], [0.48448760240575706, 0.44091875067253183, 0.5280564541389823], [0.4787149771295308, 0.43685971320804284, 0.5205702410510188], [0.4784126052050433, 0.446375434973894, 0.5104497754361926]]]}