{"years": [2000, 2001, 2002, 2003, 2004, 2005, 2006, 2007, 2008, 2009, 2010], "keys": ["insu-no", "insu-yes"], "data": [[[0.21609873399127083, 0.1709731004064032, 0.2612243675761384], [0.1593321978708518, 0.11084673097411779, 0.20781766476758579], [0.2144331055877601, 0.15957141712182926, 0.26929479405369094], [0.20845541298707, 0.16146327467685995, 0.25544755129728003], [0.21728154527556823, 0.1731277067765578, 0.26143538377457864], [0.24152302791788624, 0.19933501478444185, 0.2837110410513306], [0.2261288384436047, 0.1841740930465817, 0.2680835838406277], [0.18941001182457357, 0.1451166453137127, 0.23370337833543442], [0.17581954207562306, 0.13350756904615005, 0.21813151510509607], [0.22120676654060062, 0.17403067442424308, 0.26838285865695816], [0.21308800065487055, 0.1766939502783937, 0.24948205103134738]], [[0.28440385347517516, 0.2705159511010429, 0.29829175584930745], [0.2814104093269658, 0.26838502334049325, 0.2944357953134384], [0.30881564834733266, 0.29475362536070726, 0.32287767133395806], [0.3022712027765907, 0.288092562312308, 0.3164498432408734], [0.33086991880630806, 0.31811723173578854, 0.3436226058768276], [0.31141452198936825, 0.2989801473986621, 0.32384889658007443], [0.2871682626049715, 0.27446591520627855, 0.2998706100036645], [0.306731295252472, 0.2941611150663729, 0.3193014754385711], [0.2930112369692289, 0.2807575876207276, 0.30526488631773024], [0.32154728607020266, 0.30922818213670505, 0.3338663900037003], [0.3264408562699906, 0.316788906603625, 0.33609280593635615]]]}