{"years": [2000, 2001, 2002, 2003, 2004, 2005, 2006, 2007, 2008, 2009, 2010], "keys": ["overall"], "data": [[[0.2718811686155298, 0.2595194714134063, 0.2842428658176533], [0.2687371407116823, 0.25688380411047756, 0.28059047731288705], [0.2942002839407174, 0.2816721430139644, 0.3067284248674704], [0.2895759721175396, 0.27689594462372, 0.3022559996113592], [0.31054954314790484, 0.2993898022308385, 0.3217092840649712], [0.29358386084067545, 0.28274412728004156, 0.30442359440130934], [0.27597729793584025, 0.26461967584446294, 0.28733492002721756], [0.2893134041207908, 0.27794753505265224, 0.3006792731889294], [0.28014439803651514, 0.26887039018272035, 0.29141840589030993], [0.31240398708501194, 0.30105344292266567, 0.3237545312473582], [0.3152478570933226, 0.3063731766936676, 0.3241225374929776]]]}