{"years": [2000, 2001, 2002, 2003, 2004, 2005, 2006, 2007, 2008, 2009, 2010], "keys": ["pov-no", "pov-yes"], "data": [[[0.28174091129565015, 0.2678302604553307, 0.2956515621359696], [0.27661975439008085, 0.2628250982688932, 0.2904144105112685], [0.30442836695739395, 0.2903643459185655, 0.31849238799622237], [0.2946511938809198, 0.2801770256121395, 0.30912536214970016], [0.3189650925800782, 0.3064875457364451, 0.3314426394237113], [0.29871589534322907, 0.2865390318994193, 0.3108927587870388], [0.2848283800928398, 0.27215796043050944, 0.29749879975517013], [0.29568355270525465, 0.28283959599290487, 0.30852750941760443], [0.2885099866964048, 0.2760419505360494, 0.30097802285676023], [0.319944167239098, 0.30719675293948495, 0.3326915815387111], [0.324107711418771, 0.314041132599457, 0.334174290238085]], [[0.22861179427449088, 0.1966687597134172, 0.2605548288355645], [0.23792664530476348, 0.21244190779449526, 0.26341138281503174], [0.2437718729463998, 0.21290297798432098, 0.2746407679084786], [0.2725758581541421, 0.24311194669818073, 0.3020397696101035], [0.26818968481713584, 0.24083287472738404, 0.2955464949068876], [0.27793765373781504, 0.24979349085275993, 0.30608181662287015], [0.24304982134395936, 0.21587856249495588, 0.27022108019296287], [0.2649375674466843, 0.23927913927733432, 0.2905959956160343], [0.24105163557950138, 0.2136773912762945, 0.2684258798827082], [0.2784801683037039, 0.25114051513429064, 0.3058198214731172], [0.2783849627017218, 0.25750665445078685, 0.29926327095265676]]]}