{"years": [2000, 2001, 2002, 2003, 2004, 2005, 2006, 2007, 2008, 2009, 2010], "keys": ["male", "female"], "data": [[[0.2178267232653071, 0.201306764297515, 0.2343466822330992], [0.22310696445845646, 0.2072123257653597, 0.23900160315155322], [0.2394566066590736, 0.22267702958765476, 0.25623618373049245], [0.24299801714555036, 0.22602403597115445, 0.2599719983199463], [0.2619521819353345, 0.24656573170911653, 0.2773386321615524], [0.24583458874664066, 0.23094090617779126, 0.26072827131549003], [0.22340141853364415, 0.20795985868956446, 0.23884297837772384], [0.22829723562729928, 0.21266630026273475, 0.2439281709918638], [0.22928530138059894, 0.21396824257446762, 0.24460236018673026], [0.2693829635785781, 0.2537223203340265, 0.28504360682312974], [0.2685598850337328, 0.2563228018160627, 0.2807969682514029]], [[0.325468415294885, 0.3074130670768538, 0.34352376351291625], [0.31475739324631924, 0.297250832201806, 0.3322639542908325], [0.35038423251125206, 0.3319623266183985, 0.36880613840410564], [0.33923356435565966, 0.3205400243683019, 0.3579271043430174], [0.3574741690996922, 0.34152426902624766, 0.37342406917313675], [0.3403182673245362, 0.3248474712623401, 0.3557890633867323], [0.3269675286488182, 0.31063553543362077, 0.3432995218640156], [0.3452964669901455, 0.329228397576693, 0.361364536403598], [0.32948315105491566, 0.31324489350710505, 0.34572140860272627], [0.35562023202366533, 0.3394229808943307, 0.37181748315299995], [0.36160428435420044, 0.34895124382457393, 0.37425732488382696]]]}